{"Version":1,"ManifestType":"Publish","Endpoints":[{"Route":"index.f67tteedcs.html","AssetFile":"index.html","Selectors":[],"ResponseHeaders":[{"Name":"Accept-Ranges","Value":"bytes"},{"Name":"Cache-Control","Value":"max-age=31536000, immutable"},{"Name":"Content-Length","Value":"312"},{"Name":"Content-Type","Value":"text/html"},{"Name":"ETag","Value":"\"lx5ZTdsuW71c3Yu2mEdBx26v6mfGOHj9QMNL21CdLdY=\""},{"Name":"Last-Modified","Value":"Wed, 29 Oct 2025 14:48:29 GMT"}],"EndpointProperties":[{"Name":"fingerprint","Value":"f67tteedcs"},{"Name":"integrity","Value":"sha256-lx5ZTdsuW71c3Yu2mEdBx26v6mfGOHj9QMNL21CdLdY="},{"Name":"label","Value":"index.html"}]},{"Route":"index.html","AssetFile":"index.html","Selectors":[],"ResponseHeaders":[{"Name":"Accept-Ranges","Value":"bytes"},{"Name":"Cache-Control","Value":"no-cache"},{"Name":"Content-Length","Value":"312"},{"Name":"Content-Type","Value":"text/html"},{"Name":"ETag","Value":"\"lx5ZTdsuW71c3Yu2mEdBx26v6mfGOHj9QMNL21CdLdY=\""},{"Name":"Last-Modified","Value":"Wed, 29 Oct 2025 14:48:29 GMT"}],"EndpointProperties":[{"Name":"integrity","Value":"sha256-lx5ZTdsuW71c3Yu2mEdBx26v6mfGOHj9QMNL21CdLdY="}]}]}